time_ms,T1_CS,T1_VS,T2_CS,T2_VS,H1_CS,H1_VS,label
2122,2922,3709,2892,3665,2986,3568,normal
2222,2915,3683,2903,3642,2993,3558,normal
2322,2924,3676,2898,3655,2976,3563,normal
2422,2912,3664,2886,3647,2972,3543,normal
2522,2931,3647,2924,3607,2979,3536,normal
2622,2934,3633,2903,3605,2961,3527,normal
2722,2925,3615,2901,3607,2943,3511,normal
2822,2915,3601,2909,3599,2957,3497,normal
2922,2903,3574,2922,3583,2962,3504,normal
3022,2942,3566,2925,3551,2996,3472,normal
3122,2893,3543,2933,3538,2972,3436,normal
3222,2903,3527,2875,3495,2938,3409,normal
3322,2919,3513,2918,3490,2993,3407,normal
3422,2918,3453,2928,3443,2955,3367,normal
3522,2949,3457,2934,3433,2960,3366,normal
3622,2946,3392,2906,3403,2972,3347,normal
3722,2903,3381,2875,3405,2967,3318,normal
3822,2927,3361,2911,3365,2992,3294,normal
3922,2893,3344,2916,3341,2977,3280,normal
4022,2928,3312,2929,3327,2977,3254,normal
4122,2921,3285,2898,3282,2992,3229,normal
4222,2953,3249,2918,3270,2978,3226,normal
4322,2931,3247,2911,3243,2973,3186,normal
4422,2903,3206,2919,3221,2967,3184,normal
4522,2937,3199,2896,3204,2988,3161,normal
4622,2947,3164,2930,3185,2981,3131,normal
4722,2937,3152,2938,3158,2974,3120,normal
4822,2949,3119,2928,3140,2985,3097,normal
4922,2938,3088,2911,3113,2974,3085,normal
5022,2932,3067,2953,3090,2999,3044,normal
5122,2928,3025,2907,3057,3001,3029,normal
5222,2928,3007,2958,3040,2992,2994,normal
5322,2938,2983,2928,3027,2993,2992,normal
5422,2950,2962,2937,2994,3002,2983,normal
5522,2938,2961,2896,2981,2991,2947,normal
5622,2930,2917,2939,2952,2993,2929,normal
5722,2937,2901,2921,2928,3005,2912,normal
5822,2942,2882,2941,2912,3014,2895,normal
5922,2939,2847,2937,2883,3010,2864,normal
6022,2928,2835,2949,2869,3008,2843,normal
6122,2944,2787,2918,2864,3033,2835,normal
6222,2958,2791,2943,2825,3003,2815,normal
6322,2960,2779,2947,2817,2992,2793,normal
6422,2960,2746,2950,2782,3012,2787,normal
6522,2995,2728,2960,2783,2996,2778,normal
6622,2986,2717,2942,2753,3024,2751,normal
6722,2978,2694,2926,2752,3024,2739,normal
6822,2966,2674,2942,2734,2997,2729,normal
6922,2966,2666,2960,2711,3017,2723,normal
7022,2970,2659,2972,2703,3025,2683,normal
7122,2992,2629,2952,2678,3029,2678,normal
7222,2992,2607,2983,2662,3022,2655,normal
7322,2978,2589,2958,2637,3039,2644,normal
7422,3090,2551,2965,2611,3043,2621,normal
7522,2997,2543,2986,2601,3028,2610,normal
7622,2983,2519,2974,2581,3046,2587,normal
7722,2999,2503,2991,2551,3043,2596,normal
7822,2970,2505,2976,2553,3071,2559,normal
7922,3007,2491,2958,2547,3051,2559,normal
8022,2992,2478,2993,2541,3050,2559,normal
8122,3019,2481,3000,2544,3082,2559,normal
8222,3005,2471,2989,2530,3007,2544,normal
8322,3005,2447,2997,2503,3058,2523,normal
8422,3001,2450,2979,2525,3071,2543,normal
8522,2985,2446,3012,2496,3090,2522,normal
8622,3008,2445,2960,2493,3066,2538,normal
8722,2987,2430,2962,2491,3042,2514,normal
8822,3016,2428,3006,2487,3038,2492,normal
8922,3015,2421,3001,2473,3066,2501,normal
9022,2982,2421,3010,2471,3071,2501,normal
9122,2994,2391,2993,2457,3037,2496,normal
9222,3009,2386,2990,2450,3056,2480,normal
9322,3019,2393,3007,2446,3059,2480,normal
9422,3026,2394,2987,2449,3059,2468,normal
9522,3005,2384,2994,2423,3116,2459,normal
9622,2992,2382,3003,2419,3043,2464,normal
9722,3017,2358,2999,2416,3071,2453,normal
9822,3018,2363,2972,2414,3053,2465,normal
9922,3024,2363,2998,2429,3056,2453,normal
10022,3018,2370,3005,2418,3071,2462,normal
10122,3019,2374,3029,2437,3085,2463,normal
10222,3027,2366,3007,2416,3050,2469,normal
10322,3016,2387,2995,2427,3084,2462,normal
10422,3010,2383,3002,2433,3102,2479,normal
10522,3033,2382,3015,2421,3082,2447,normal
10622,3029,2385,3043,2417,3090,2441,normal
10722,2999,2366,3004,2406,3071,2448,normal
10822,3040,2353,3025,2404,3049,2459,normal
10922,3041,2368,3014,2415,3054,2449,normal
11022,3030,2373,3010,2415,3055,2454,normal
11122,3046,2377,3015,2414,3079,2450,normal
11222,3030,2395,3023,2417,3071,2456,normal
11322,3022,2384,3035,2414,3071,2466,normal
11422,3051,2391,3021,2424,3053,2471,normal
11522,3024,2381,3025,2432,3071,2475,normal
11622,3043,2395,3009,2429,3100,2465,normal
11722,3049,2391,2995,2416,3071,2465,normal
11822,3036,2386,3021,2425,3102,2479,normal
11922,3026,2384,3029,2422,3066,2477,normal
12022,3022,2389,3002,2407,3052,2439,normal
12122,3027,2386,3018,2406,3095,2466,normal
12222,3031,2385,3021,2390,3059,2491,normal
12322,3012,2402,3014,2426,3089,2471,normal
12422,3031,2395,3053,2403,3088,2461,normal
12522,3034,2394,3038,2464,3120,2461,normal
12622,3007,2409,3051,2428,3113,2458,normal
12722,3047,2398,3024,2422,3087,2476,normal
12822,3027,2399,3047,2421,3071,2471,normal
12922,3043,2385,3001,2409,3107,2463,normal
13022,3060,2405,3024,2402,3088,2460,normal
13122,3034,2419,3026,2455,3085,2493,normal
13222,3041,2416,3013,2443,3087,2496,normal
13322,3019,2423,3016,2447,3100,2495,normal
13422,3053,2435,3017,2455,3090,2497,normal
13522,3024,2437,3031,2462,3103,2506,normal
13622,3033,2443,3022,2455,3107,2501,normal
13722,3046,2448,3011,2465,3113,2515,normal
13822,3006,2448,3010,2474,3090,2515,normal
13922,3033,2459,3043,2471,3101,2522,normal
14022,3041,2474,2994,2467,3106,2522,normal
14122,2995,2475,3041,2491,3095,2524,normal
14222,3024,2477,3024,2486,3118,2547,normal
14322,3030,2481,3039,2492,3088,2545,normal
14422,3041,2470,3031,2497,3102,2553,normal
14522,3026,2499,3026,2502,3090,2550,normal
14622,3024,2507,3031,2511,3087,2559,normal
14722,3062,2510,3018,2523,3094,2559,normal
14822,3051,2524,3021,2522,3089,2559,normal
14922,3046,2531,3041,2530,3086,2598,normal
15022,3039,2544,3017,2555,3098,2607,normal
15122,3051,2553,3003,2559,3098,2622,normal
15222,3033,2559,3001,2583,3071,2621,normal
15322,3047,2595,3039,2607,3105,2642,normal
15422,3045,2621,3006,2624,3089,2660,normal
15522,3024,2647,2999,2641,3059,2672,normal
15622,3021,2640,3005,2638,3061,2702,normal
15722,3026,2650,3007,2651,3093,2681,normal
15822,3028,2659,3031,2663,3071,2711,normal
15922,3055,2675,2991,2676,3082,2725,normal
16022,3028,2686,3002,2685,3086,2727,normal
16122,3009,2704,3013,2704,3120,2742,normal
16222,3012,2717,3003,2694,3090,2736,normal
16322,3017,2738,3023,2730,3056,2774,normal
16422,3037,2746,3008,2734,3055,2785,normal
16522,3042,2754,2970,2737,3066,2787,normal
16622,3011,2783,2991,2757,3061,2799,normal
16722,3047,2809,3027,2787,3063,2828,normal
16822,3043,2823,2986,2800,3056,2833,normal
16922,3021,2830,2974,2815,3031,2851,normal
17022,3019,2862,2993,2829,3046,2851,normal
17122,3025,2869,2987,2851,3055,2875,normal
17222,3027,2895,2978,2864,3062,2896,normal
17322,3017,2896,2992,2874,3065,2909,normal
17422,3019,2923,2970,2897,3083,2905,normal
17522,3030,2928,3010,2896,3070,2928,normal
17622,3009,2952,2981,2915,3043,2927,normal
17722,2998,2951,3023,2927,3059,2955,normal
17822,3003,2987,2975,2937,3049,2974,normal
17922,3038,3008,3003,2980,3071,3003,normal
18022,3009,3043,2970,3010,3053,3029,normal
18122,3015,3041,2988,3006,3091,3019,normal
18222,3002,3070,2973,3026,3091,3044,normal
18322,2983,3097,3003,3047,3002,3071,normal
18422,2978,3105,2927,3043,3031,3060,normal
18522,2967,3118,2976,3070,3023,3100,normal
18622,2998,3152,2960,3099,3021,3118,normal
18722,2996,3149,2993,3120,3035,3122,normal
18822,2990,3191,2953,3136,3027,3152,normal
18922,2999,3228,2956,3152,3024,3163,normal
19022,3024,3263,2976,3202,3042,3200,normal
19122,2970,3248,2967,3186,3017,3216,normal
19222,3018,3293,2976,3222,3025,3229,normal
19322,3029,3298,2969,3227,2999,3234,normal
19422,3014,3318,2947,3243,3047,3229,normal
19522,2982,3344,2949,3260,3025,3250,normal
19622,2999,3344,2959,3267,3021,3268,normal
19722,3001,3372,2966,3287,3008,3282,normal
19822,2944,3370,2968,3283,2983,3303,normal
19922,2962,3391,2959,3328,3054,3339,normal
20022,2992,3424,2951,3352,3002,3347,normal
20122,2986,3455,2947,3377,3026,3374,normal
20222,2957,3462,2969,3407,3005,3381,normal
20322,2960,3503,2962,3407,3038,3408,normal
20422,2965,3535,2962,3435,3027,3440,normal
20522,2999,3554,2961,3475,3014,3450,normal
20622,2941,3583,2967,3469,2994,3450,normal
20722,2947,3622,2945,3497,2996,3472,normal
20822,2979,3623,2944,3438,3024,3481,normal
20922,2958,3637,2953,3519,3013,3473,normal
21022,2963,3607,2942,3534,3005,3495,normal
21122,2970,3642,2963,3534,3022,3495,normal
21222,2944,3653,2955,3549,3003,3505,normal
21322,2961,3647,2933,3557,3021,3522,normal
21422,2935,3658,2974,3567,3010,3527,normal
21522,2958,3671,2914,3549,3002,3536,normal
21622,2957,3696,2941,3583,3010,3535,normal
21722,2947,3696,2919,3568,3014,3539,normal
21822,2975,3705,2926,3577,3014,3543,normal
21922,2943,3721,2951,3603,2977,3566,normal
22022,2954,3728,2934,3614,2983,3575,normal
22122,2929,3726,2912,3609,3017,3509,normal
22222,2962,3725,2928,3618,2993,3581,normal
22322,2960,3728,2945,3631,2974,3578,normal
22422,2939,3731,2933,3646,3009,3615,normal
22522,2946,3755,2951,3650,2979,3610,normal
22622,2960,3764,2928,3655,2995,3619,normal
22722,2955,3751,2926,3681,3024,3641,normal
22822,2941,3762,2955,3678,2997,3644,normal
22922,2955,3792,2928,3691,2992,3655,normal
23022,2926,3792,2928,3697,2989,3674,normal
23122,2942,3798,2913,3718,2960,3695,normal
23222,2928,3818,2941,3729,3007,3679,normal
23322,2934,3856,2914,3719,2957,3696,normal
23422,2935,3856,2891,3749,2982,3687,normal
23522,2928,3851,2911,3748,2974,3701,normal
23622,2930,3856,2930,3764,2992,3712,normal
23722,2928,3867,2905,3758,2970,3714,normal
23822,2928,3855,2919,3734,2976,3691,normal
23922,2927,3856,2911,3760,2973,3701,normal
24022,2963,3860,2928,3746,2960,3701,normal
24122,2918,3869,2943,3745,2973,3694,normal
24222,2923,3841,2921,3741,2963,3685,normal
24322,2960,3856,2925,3744,2976,3699,normal
24422,2945,3868,2895,3733,2960,3692,normal
24522,2959,3843,2915,3731,2973,3696,normal
24622,2955,3842,2902,3729,2967,3706,normal
24722,2941,3836,2897,3741,2962,3707,normal
24822,2928,3839,2919,3734,2962,3697,normal
24922,2928,3847,2912,3751,2938,3696,normal
25022,2908,3824,2911,3754,2982,3685,normal
25122,2945,3827,2889,3734,2987,3684,normal
25222,2928,3825,2911,3734,2943,3693,normal
25322,2928,3815,2933,3726,2990,3684,normal
25422,2928,3819,2914,3725,2953,3664,normal
25522,2931,3807,2898,3705,2989,3655,normal
25622,2922,3795,2914,3705,2971,3662,normal
25722,2962,3790,2907,3726,2966,3659,normal
25822,2940,3778,2917,3714,3007,3681,normal
25922,2931,3787,2931,3725,2973,3670,normal
26022,2928,3760,2919,3722,2960,3667,normal
26122,2913,3772,2906,3727,2979,3670,normal
26222,2914,3781,2912,3705,2962,3665,normal
26322,2910,3776,2889,3709,2969,3673,normal
26422,2949,3792,2935,3715,2987,3670,normal
26522,2914,3751,2927,3702,2962,3674,normal
26622,2943,3792,2914,3713,2945,3674,normal
26722,2914,3781,2907,3731,2973,3657,normal
26822,2926,3789,2918,3728,2943,3659,normal
26922,2928,3773,2917,3728,2987,3677,normal
27022,2911,3792,2895,3741,2981,3669,normal
27122,2922,3793,2887,3734,2958,3671,normal
27222,2928,3787,2886,3728,2963,3664,normal
27322,2945,3782,2910,3726,2972,3683,normal
27422,2941,3792,2893,3729,2942,3664,normal
27522,2928,3760,2901,3725,2955,3649,normal
27622,2939,3777,2917,3717,2974,3662,normal
27722,2919,3777,2909,3725,2989,3659,normal
27822,2914,3746,2891,3696,2960,3663,normal
27922,2907,3769,2928,3724,2950,3639,normal
28022,2928,3742,2928,3703,2962,3632,normal
28122,2912,3733,2883,3715,2960,3634,normal
28222,2919,3726,2912,3691,2962,3630,normal
28322,2928,3719,2886,3678,2999,3612,normal
28422,2922,3695,2890,3685,2975,3607,normal
28522,2928,3696,2903,3664,2976,3583,normal
28622,2927,3687,2890,3665,2939,3583,normal
28722,2919,3675,2895,3662,2969,3583,normal
28822,2917,3664,2883,3643,2978,3635,normal
28922,2911,3655,2893,3635,2974,3571,normal
29022,2848,3645,2884,3631,2960,3567,normal
29122,2931,3633,2901,3632,2969,3548,normal
29222,2913,3630,2913,3622,2959,3561,normal
29322,2905,3621,2912,3611,2961,3547,normal
29422,2921,3623,2899,3615,2949,3543,normal
29522,2917,3583,2883,3600,2978,3529,normal
29622,2955,3601,2886,3600,2971,3521,normal
29722,2911,3563,2895,3579,2974,3514,normal
29822,2928,3575,2911,3578,2963,3504,normal
29922,2924,3562,2899,3558,2951,3499,normal
30022,2919,3547,2916,3548,2969,3473,normal
30122,2935,3539,2891,3521,2998,3451,normal
30222,2903,3524,2925,3491,2994,3431,normal
30322,2942,3493,2881,3476,2970,3405,normal
30422,2926,3472,2894,3452,2945,3397,normal
30522,2935,3426,2911,3443,2975,3373,normal
30622,2934,3401,2928,3411,2971,3363,normal
30722,2918,3403,2880,3407,2945,3363,normal
30822,2928,3395,2932,3410,2995,3325,normal
30922,2914,3378,2902,3390,2975,3326,normal
31022,2913,3350,2921,3366,2963,3296,normal
31122,2928,3344,2903,3359,2960,3299,normal
31222,2948,3319,2911,3331,2965,3279,normal
31322,2939,3300,2926,3313,2995,3267,normal
31422,2914,3279,2924,3294,2962,3248,normal
31522,2913,3274,2899,3283,2973,3237,normal
31622,2931,3234,2928,3263,2992,3215,normal
31722,2926,3222,2897,3235,2992,3194,normal
31822,2913,3199,2896,3235,2978,3181,normal
31922,2941,3184,2907,3202,2991,3180,normal
2021,2864,3648,2896,3649,2974,3583,fault_S1
2122,2862,3575,2928,3547,2962,3507,fault_S1
2222,2882,3553,2918,3549,2992,3488,fault_S1
2322,2866,3555,2928,3533,2990,3459,fault_S1
2422,2864,3519,2913,3504,2961,3437,fault_S1
2522,2902,3495,2921,3487,2974,3427,fault_S1
2622,2866,3442,2899,3450,3015,3408,fault_S1
2722,2885,3451,2928,3426,2967,3388,fault_S1
2822,2909,3413,2922,3408,2973,3363,fault_S1
2922,2871,3392,2928,3402,3057,3357,fault_S1
3022,2870,3375,2909,3390,2992,3337,fault_S1
3122,2898,3344,2923,3372,2989,3321,fault_S1
3222,2878,3338,2925,3350,2993,3311,fault_S1
3322,2880,3318,2899,3343,2987,3287,fault_S1
3422,2874,3295,2890,3307,2986,3274,fault_S1
3522,2889,3278,2937,3285,3016,3253,fault_S1
3622,2910,3266,2923,3275,3010,3275,fault_S1
3722,2900,3237,2941,3253,2985,3236,fault_S1
3822,2883,3208,2927,3247,3033,3211,fault_S1
3922,2907,3198,2917,3221,2974,3220,fault_S1
4022,2873,3183,2958,3207,3007,3174,fault_S1
4122,2864,3150,2944,3195,2989,3170,fault_S1
4222,2905,3152,2925,3184,3003,3131,fault_S1
4322,2928,3122,2944,3152,2994,3122,fault_S1
4422,2893,3114,2927,3140,2980,3104,fault_S1
4522,2887,3101,2940,3124,2955,3094,fault_S1
4622,2925,3071,2953,3114,2995,3087,fault_S1
4722,2927,3058,2896,3088,3024,3056,fault_S1
4822,2928,3031,2942,3058,3014,3046,fault_S1
4922,2922,3024,2925,3057,3007,3008,fault_S1
5022,2915,2999,2935,3031,2994,3024,fault_S1
5122,2933,2977,2943,3018,2991,2973,fault_S1
5222,2899,2958,2922,2990,2982,2958,fault_S1
5322,2902,2939,2933,2971,3018,2950,fault_S1
5422,2917,2907,2950,2928,2992,2918,fault_S1
5522,2922,2899,2919,2949,3024,2928,fault_S1
5622,2957,2903,2943,2931,3003,2898,fault_S1
5722,2929,2864,2947,2901,3001,2867,fault_S1
5822,2931,2862,2950,2906,3008,2869,fault_S1
5922,2938,2835,2960,2894,3008,2851,fault_S1
6022,2958,2832,2963,2853,2993,2853,fault_S1
6122,2957,2807,2950,2842,3015,2839,fault_S1
6222,2958,2784,2945,2829,3024,2815,fault_S1
6322,2960,2768,2944,2805,3021,2802,fault_S1
6422,2974,2758,2986,2801,3034,2795,fault_S1
6522,2977,2729,2944,2779,3028,2785,fault_S1
6622,2960,2723,2954,2767,2995,2765,fault_S1
6722,2978,2719,2971,2763,3015,2752,fault_S1
6822,2960,2694,2960,2742,3023,2737,fault_S1
6922,2971,2688,2949,2727,3014,2643,fault_S1
7022,2972,2677,2960,2727,2994,2727,fault_S1
7122,2972,2656,2963,2706,3071,2703,fault_S1
7222,2956,2648,2993,2731,3023,2673,fault_S1
7322,2971,2633,2978,2664,3022,2676,fault_S1
7422,2989,2633,2960,2665,3007,2666,fault_S1
7522,2992,2605,2965,2647,3007,2647,fault_S1
7622,3013,2597,2942,2630,3051,2638,fault_S1
7722,2981,2559,2977,2609,3043,2621,fault_S1
7822,3007,2549,2985,2610,3063,2607,fault_S1
7922,3034,2541,2978,2605,3087,2599,fault_S1
8022,2995,2512,2975,2559,3063,2590,fault_S1
8122,3005,2523,3020,2559,3067,2559,fault_S1
8222,2989,2491,2963,2559,3060,2591,fault_S1
8322,3007,2493,2947,2551,3015,2559,fault_S1
8422,3024,2484,2971,2552,3093,2559,fault_S1
8522,3015,2483,3022,2546,3052,2558,fault_S1
8622,3015,2485,2997,2541,3050,2551,fault_S1
8722,3007,2480,2982,2539,3090,2550,fault_S1
8822,3017,2469,2991,2524,3088,2535,fault_S1
8922,3035,2464,2971,2526,3046,2546,fault_S1
9022,3011,2469,3019,2531,3029,2542,fault_S1
9122,2987,2466,3024,2527,3035,2559,fault_S1
9222,3040,2461,2979,2506,3039,2542,fault_S1
9322,3044,2453,3002,2521,3088,2547,fault_S1
9422,3008,2469,2995,2511,3082,2519,fault_S1
9522,3024,2462,2990,2506,3088,2522,fault_S1
9622,3033,2450,2976,2496,3056,2505,fault_S1
9722,3038,2441,3002,2487,3057,2496,fault_S1
9822,3051,2416,3016,2480,3063,2503,fault_S1
9922,3063,2417,3008,2477,3081,2497,fault_S1
10022,3049,2422,2995,2478,3071,2496,fault_S1
10122,3040,2411,2999,2477,3089,2486,fault_S1
10222,3056,2411,3007,2470,3057,2486,fault_S1
10322,3039,2388,3012,2450,3083,2494,fault_S1
10422,3059,2414,3003,2453,3092,2480,fault_S1
10522,3043,2416,3005,2463,3101,2471,fault_S1
10622,3063,2402,3002,2445,3085,2479,fault_S1
10722,3055,2395,3025,2433,3071,2461,fault_S1
10822,3071,2387,3010,2442,3083,2447,fault_S1
10922,3031,2358,3029,2436,3087,2464,fault_S1
11022,3071,2375,3020,2425,3071,2442,fault_S1
11122,3052,2380,3011,2439,3105,2438,fault_S1
11222,3068,2379,3011,2416,3099,2443,fault_S1
11322,3057,2372,3019,2426,3088,2455,fault_S1
11422,3126,2378,3006,2417,3102,2454,fault_S1
11522,3088,2368,3029,2432,3099,2449,fault_S1
11622,3071,2369,3027,2437,3089,2451,fault_S1
11722,3090,2386,2997,2431,3100,2451,fault_S1
11822,3069,2370,3017,2429,3099,2458,fault_S1
11922,3091,2384,3011,2433,3088,2465,fault_S1
12022,3071,2379,3005,2430,3069,2459,fault_S1
12122,3057,2378,3008,2441,3106,2461,fault_S1
12222,3056,2381,3013,2371,3090,2462,fault_S1
12322,3088,2390,3027,2437,3089,2455,fault_S1
12422,3088,2398,3003,2432,3094,2459,fault_S1
12522,3067,2384,3035,2421,3109,2448,fault_S1
12622,3082,2404,2992,2426,3081,2449,fault_S1
12722,3104,2379,3024,2421,3088,2459,fault_S1
12822,3085,2389,3039,2429,3099,2455,fault_S1
12922,3083,2391,3026,2422,3099,2451,fault_S1
13022,3095,2382,3041,2433,3088,2455,fault_S1
13122,3089,2391,3022,2435,3088,2451,fault_S1
13222,3097,2395,3024,2436,3098,2469,fault_S1
13322,3109,2384,3008,2435,3088,2454,fault_S1
13422,3070,2390,3039,2430,3083,2453,fault_S1
13522,3081,2387,3008,2437,3086,2453,fault_S1
13622,3100,2389,3012,2435,3102,2468,fault_S1
13722,3071,2384,3012,2429,3071,2463,fault_S1
13822,3071,2390,3031,2437,3071,2451,fault_S1
13922,3095,2401,3038,2415,3069,2455,fault_S1
14022,3117,2398,3055,2437,3100,2466,fault_S1
14122,3122,2407,3035,2433,3095,2461,fault_S1
14222,3069,2443,3039,2444,3083,2468,fault_S1
14322,3105,2416,3037,2429,3071,2449,fault_S1
14422,3104,2399,3031,2434,3093,2457,fault_S1
14522,3109,2399,3024,2435,3131,2457,fault_S1
14622,3121,2407,3039,2434,3134,2449,fault_S1
14722,3110,2429,3005,2435,3123,2461,fault_S1
14822,3098,2409,3039,2433,3071,2455,fault_S1
14922,3120,2414,2984,2431,3071,2468,fault_S1
15022,3120,2399,3011,2425,3120,2464,fault_S1
15122,3107,2411,3051,2433,3106,2464,fault_S1
15222,3115,2407,3070,2435,3113,2451,fault_S1
15322,3150,2412,3027,2423,3102,2465,fault_S1
15422,3089,2407,3041,2418,3117,2448,fault_S1
15522,3101,2407,3031,2429,3056,2453,fault_S1
15622,3106,2415,3041,2384,3099,2448,fault_S1
15722,3093,2403,3013,2429,3117,2462,fault_S1
15822,3109,2414,3028,2427,3099,2450,fault_S1
15922,3143,2407,3051,2432,3104,2464,fault_S1
16022,3104,2407,3042,2438,3110,2464,fault_S1
16122,3124,2412,3039,2433,3120,2463,fault_S1
16222,3133,2416,3006,2433,3103,2474,fault_S1
16322,3107,2416,3046,2439,3089,2480,fault_S1
16422,3120,2426,3035,2437,3071,2481,fault_S1
16522,3123,2426,3034,2445,3116,2481,fault_S1
16622,3122,2422,2995,2445,3089,2476,fault_S1
16722,3102,2425,3006,2450,3105,2481,fault_S1
16822,3093,2431,3034,2463,3104,2490,fault_S1
16922,3137,2433,3049,2457,3105,2480,fault_S1
17022,3107,2448,3029,2455,3117,2503,fault_S1
17122,3118,2451,3050,2469,3065,2496,fault_S1
17222,3101,2448,3049,2461,3118,2508,fault_S1
17322,3120,2455,3056,2476,3106,2510,fault_S1
17422,3119,2461,3045,2479,3087,2508,fault_S1
17522,3092,2457,3020,2478,3119,2511,fault_S1
17622,3118,2479,3030,2480,3087,2511,fault_S1
17722,3129,2464,3056,2483,3131,2517,fault_S1
17822,3134,2479,3052,2496,3125,2528,fault_S1
17922,3127,2481,3057,2498,3090,2522,fault_S1
18022,3150,2482,3022,2491,3108,2529,fault_S1
18122,3130,2487,3038,2509,3120,2538,fault_S1
18222,3120,2491,3025,2502,3115,2539,fault_S1
18322,3118,2499,3041,2511,3101,2540,fault_S1
18422,3127,2514,2999,2501,3114,2543,fault_S1
18522,3107,2510,3029,2513,3139,2549,fault_S1
18622,3110,2523,3028,2519,3111,2545,fault_S1
18722,3110,2525,3025,2522,3088,2549,fault_S1
18822,3109,2526,3043,2535,3102,2559,fault_S1
18922,3114,2529,3049,2521,3097,2586,fault_S1
19022,3121,2544,3033,2543,3127,2589,fault_S1
19122,3099,2554,3056,2549,3090,2608,fault_S1
19222,3130,2559,3021,2559,3103,2613,fault_S1
19322,3129,2559,3018,2585,3089,2619,fault_S1
19422,3118,2582,3037,2599,3084,2640,fault_S1
19522,3098,2601,3024,2592,3083,2642,fault_S1
19622,3071,2615,3015,2618,3091,2647,fault_S1
19722,3115,2623,3024,2618,3106,2655,fault_S1
19822,3071,2632,3033,2633,3091,2655,fault_S1
19922,3089,2643,3003,2640,3090,2671,fault_S1
20022,3095,2650,2997,2651,3071,2673,fault_S1
20122,3123,2675,3038,2659,3123,2697,fault_S1
20222,3121,2670,3018,2663,3094,2695,fault_S1
20322,3097,2679,3022,2674,3090,2711,fault_S1
20422,3099,2704,2999,2690,3099,2704,fault_S1
20522,3104,2709,3024,2695,3061,2738,fault_S1
20622,3089,2719,3024,2702,3088,2736,fault_S1
20722,3091,2733,3019,2721,3099,2747,fault_S1
20822,3083,2743,3035,2736,3071,2759,fault_S1
20922,3065,2754,3033,2749,3059,2778,fault_S1
21022,3081,2765,3034,2763,3061,2783,fault_S1
21122,3091,2790,2992,2768,3097,2785,fault_S1
21222,3102,2793,3026,2785,3105,2801,fault_S1
21322,3061,2805,3027,2795,3057,2815,fault_S1
21422,3102,2823,3024,2800,3107,2822,fault_S1
21522,3049,2839,3014,2816,3109,2835,fault_S1
21622,3098,2855,3013,2831,3088,2848,fault_S1
21722,3061,2865,3007,2837,3071,2855,fault_S1
21822,3069,2871,2992,2857,3065,2869,fault_S1
21922,3056,2889,2993,2863,3067,2880,fault_S1
22022,3082,2905,3011,2877,3071,2891,fault_S1
22122,3041,2922,2995,2880,3094,2907,fault_S1
22222,3045,2921,3015,2897,3071,2913,fault_S1
22322,3071,2932,3013,2927,3093,2928,fault_S1
22422,3071,2948,3015,2919,3071,2931,fault_S1
22522,3056,2960,3011,2939,3055,2950,fault_S1
22622,3062,2991,3011,2941,3044,2967,fault_S1
22722,3088,3002,3021,2954,3088,2967,fault_S1
22822,3030,3022,2979,2974,3059,2985,fault_S1
22922,3053,3024,3008,2979,3059,3008,fault_S1
23022,3023,3043,2995,2993,3070,3015,fault_S1
23122,3036,3050,2991,3002,3058,3034,fault_S1
23222,3047,3071,3020,3041,3109,3043,fault_S1
23322,3005,3088,3001,3046,3056,3067,fault_S1
23422,3031,3111,3010,3059,3063,3071,fault_S1
23522,3023,3138,2980,3071,3009,3099,fault_S1
23622,3042,3148,3014,3107,3056,3120,fault_S1
23722,3009,3159,3017,3117,3063,3126,fault_S1
23822,2992,3179,2972,3133,3052,3157,fault_S1
23922,3021,3207,2970,3173,3063,3169,fault_S1
24022,2992,3216,2983,3178,3086,3179,fault_S1
24122,3022,3248,2966,3195,3055,3190,fault_S1
24222,3020,3279,2970,3201,3035,3193,fault_S1
24322,2999,3280,2982,3205,3024,3214,fault_S1
24422,3014,3283,2976,3225,3056,3236,fault_S1
24522,3021,3315,2954,3240,3019,3226,fault_S1
24622,3010,3325,2962,3231,3055,3239,fault_S1
24722,3009,3317,2979,3250,3031,3251,fault_S1
24822,3027,3353,2955,3275,3057,3278,fault_S1
24922,2997,3359,2901,3267,3047,3289,fault_S1
25022,2972,3367,2989,3297,3008,3307,fault_S1
25122,2992,3382,2960,3328,3022,3321,fault_S1
25222,2992,3429,2959,3354,3038,3340,fault_S1
25322,2974,3435,2984,3377,3027,3367,fault_S1
25422,2999,3458,2960,3391,3043,3394,fault_S1
25522,2989,3498,2949,3410,3041,3414,fault_S1
25622,2999,3518,2983,3427,3037,3423,fault_S1
25722,2951,3519,2965,3456,3012,3440,fault_S1
25822,2962,3557,2935,3478,3008,3463,fault_S1
25922,2979,3583,2946,3480,3019,3491,fault_S1
26022,2950,3600,2959,3493,3023,3489,fault_S1
26122,2948,3631,2939,3519,2998,3502,fault_S1
26222,2967,3647,2944,3526,2998,3503,fault_S1
26322,2961,3648,2956,3529,2995,3504,fault_S1
26422,2916,3646,2975,3561,3017,3522,fault_S1
26522,2931,3647,2943,3539,2998,3525,fault_S1
26622,2933,3669,2958,3563,3014,3541,fault_S1
26722,2938,3670,2943,3560,3047,3550,fault_S1
26822,2960,3689,2940,3557,2992,3558,fault_S1
26922,2943,3696,2944,3573,2983,3546,fault_S1
27022,2959,3699,2955,3579,3026,3570,fault_S1
27122,2963,3701,2951,3600,3014,3598,fault_S1
27222,2942,3709,2977,3583,2997,3583,fault_S1
27322,2913,3718,2927,3606,3003,3575,fault_S1
27422,2928,3715,2944,3630,2970,3613,fault_S1
27522,2913,3728,2974,3636,3010,3597,fault_S1
27622,2919,3707,2951,3641,3011,3627,fault_S1
27722,2919,3761,2928,3650,2982,3631,fault_S1
27822,2913,3743,2974,3654,3038,3639,fault_S1
27922,2938,3770,2923,3666,2990,3658,fault_S1
28022,2913,3782,2961,3675,3001,3648,fault_S1
28122,2922,3803,2950,3706,3018,3679,fault_S1
28222,2926,3811,2928,3705,2995,3679,fault_S1
28322,2928,3820,2944,3714,2992,3683,fault_S1
28422,2914,3833,2924,3735,2974,3695,fault_S1
28522,2902,3853,2928,3741,2998,3679,fault_S1
28622,2899,3847,2946,3735,2980,3709,fault_S1
28722,2903,3863,2944,3723,2978,3696,fault_S1
28822,2903,3843,2929,3728,2992,3698,fault_S1
28922,2899,3846,2927,3734,2995,3720,fault_S1
29022,2880,3828,2896,3728,2999,3695,fault_S1
29122,2909,3824,2928,3721,2960,3696,fault_S1
29222,2955,3809,2900,3706,2997,3696,fault_S1
29322,2885,3685,2959,3737,3008,3711,fault_S1
29422,2896,3835,2930,3728,2969,3702,fault_S1
29522,2896,3825,2925,3723,3034,3701,fault_S1
29622,2896,3830,2919,3727,2975,3696,fault_S1
29722,2896,3814,2934,3737,2981,3719,fault_S1
29822,2903,3810,2948,3747,3005,3728,fault_S1
29922,2877,3829,2913,3750,2992,3707,fault_S1
30022,2917,3856,2897,3751,2967,3728,fault_S1
30122,2888,3851,2959,3749,2977,3696,fault_S1
30222,2864,3821,2924,3729,2985,3694,fault_S1
30322,2875,3809,2931,3713,2983,3695,fault_S1
30422,2880,3809,2928,3728,2989,3700,fault_S1
30522,2926,3821,2928,3738,2996,3678,fault_S1
30622,2855,3786,2911,3747,2991,3691,fault_S1
30722,2910,3776,2915,3740,2975,3658,fault_S1
30822,2866,3792,2949,3728,2975,3694,fault_S1
30922,2866,3791,2911,3730,3015,3697,fault_S1
31022,2882,3806,2950,3730,2991,3681,fault_S1
31122,2887,3759,2925,3727,2975,3694,fault_S1
31222,2909,3773,2907,3735,2963,3707,fault_S1
31322,2880,3760,2933,3734,2961,3696,fault_S1
31422,2871,3785,2927,3739,2975,3686,fault_S1
31522,2885,3777,2928,3755,2970,3690,fault_S1
31622,2881,3783,2927,3750,2989,3712,fault_S1
31722,2892,3767,2927,3759,2946,3706,fault_S1
31822,2893,3781,2919,3763,2977,3697,fault_S1
31922,2880,3781,2925,3744,2987,3701,fault_S1

2021,3107,2384,3071,2429,3107,2448,fault_S2
2122,3107,2423,3151,2455,3120,2475,fault_S2
2222,3150,2426,3095,2449,3088,2479,fault_S2
2322,3095,2416,3062,2446,3099,2471,fault_S2
2422,3136,2423,3059,2451,3083,2477,fault_S2
2522,3089,2426,3071,2448,3111,2476,fault_S2
2622,3083,2419,3099,2458,3117,2478,fault_S2
2722,3131,2432,3091,2447,3115,2474,fault_S2
2822,3071,2423,3089,2450,3120,2471,fault_S2
2922,3090,2427,3061,2448,3130,2477,fault_S2
3022,3088,2421,3063,2445,3058,2477,fault_S2
3122,3109,2418,3083,2458,3091,2477,fault_S2
3222,3107,2416,3115,2451,3103,2480,fault_S2
3322,3111,2422,3141,2448,3119,2470,fault_S2
3422,3106,2422,3089,2450,3125,2477,fault_S2
3522,3111,2420,3088,2458,3098,2479,fault_S2
3622,3128,2434,3063,2454,3088,2469,fault_S2
3722,3107,2422,3071,2443,3071,2478,fault_S2
3822,3067,2421,3121,2448,3093,2463,fault_S2
3922,3114,2420,3088,2449,3103,2422,fault_S2
4022,3104,2418,3063,2447,3136,2468,fault_S2
4122,3069,2411,3068,2450,3088,2470,fault_S2
4222,3109,2423,3099,2446,3110,2466,fault_S2
4322,3121,2416,3050,2450,3120,2480,fault_S2
4422,3118,2419,3071,2442,3115,2474,fault_S2
4522,3093,2406,3087,2448,3083,2479,fault_S2
4622,3134,2414,3071,2448,3083,2467,fault_S2
4722,3140,2426,3098,2443,3083,2466,fault_S2
4822,3118,2416,3091,2448,3098,2471,fault_S2
4922,3139,2416,3069,2441,3067,2466,fault_S2
5022,3118,2421,3102,2451,3095,2480,fault_S2
5122,3107,2419,3056,2452,3101,2467,fault_S2
5222,3093,2416,3084,2451,3121,2470,fault_S2
5322,3113,2422,3071,2453,3118,2480,fault_S2
5422,3114,2416,3096,2451,3101,2474,fault_S2
5522,3099,2423,3098,2450,3120,2437,fault_S2
5622,3147,2416,3088,2443,3090,2464,fault_S2
5722,3139,2421,3105,2451,3063,2474,fault_S2
5822,3103,2421,3088,2453,3103,2467,fault_S2
5922,3095,2417,3086,2453,3090,2480,fault_S2
6022,3101,2423,3093,2448,3066,2479,fault_S2
6122,3065,2419,3108,2444,3108,2470,fault_S2
6222,3102,2421,3106,2448,3095,2469,fault_S2
6322,3109,2429,3086,2458,3094,2480,fault_S2
6422,3088,2423,3095,2448,3083,2480,fault_S2
6522,3094,2421,3056,2448,3104,2482,fault_S2
6622,3097,2430,3065,2448,3136,2465,fault_S2
6722,3110,2420,3085,2446,3104,2468,fault_S2
6822,3090,2420,3103,2449,3069,2474,fault_S2
6922,3119,2425,3105,2448,3106,2471,fault_S2
7022,3070,2430,3117,2450,3092,2482,fault_S2
7122,3088,2433,3090,2448,3088,2468,fault_S2
7222,3103,2428,3087,2455,3094,2486,fault_S2
7322,3109,2419,3071,2450,3088,2462,fault_S2
7422,3067,2422,3070,2447,3117,2467,fault_S2
7522,3100,2422,3082,2415,3095,2469,fault_S2
7622,3125,2415,3086,2449,3125,2477,fault_S2
7722,3089,2434,3093,2457,3107,2480,fault_S2
7822,3109,2427,3120,2454,3089,2469,fault_S2
7922,3119,2416,3097,2449,3110,2469,fault_S2
8022,3090,2423,3092,2448,3107,2469,fault_S2
8122,3085,2428,3085,2448,3091,2474,fault_S2
8222,3098,2422,3054,2448,3086,2473,fault_S2
8322,3108,2436,3088,2455,3114,2475,fault_S2
8422,3118,2429,3025,2444,3087,2474,fault_S2
8522,3121,2416,3129,2448,3122,2479,fault_S2
8622,3120,2422,3118,2448,3089,2479,fault_S2
8722,3089,2423,3122,2443,3114,2464,fault_S2
8822,3097,2416,3107,2445,3083,2480,fault_S2
8922,3159,2422,3058,2451,3119,2478,fault_S2
9022,3101,2419,3107,2448,3082,2469,fault_S2
9122,3102,2421,3091,2446,3115,2467,fault_S2
9222,3123,2423,3103,2453,3110,2473,fault_S2
9322,3108,2413,3099,2449,3101,2467,fault_S2
9422,3122,2428,3092,2449,3125,2473,fault_S2
9522,3084,2416,3095,2445,3120,2474,fault_S2
9622,3090,2422,3096,2448,3102,2467,fault_S2
9722,3110,2428,3107,2448,3114,2471,fault_S2
9822,3104,2419,3087,2448,3120,2477,fault_S2
9922,3105,2419,3098,2443,3081,2467,fault_S2
10022,3130,2430,3119,2461,3089,2473,fault_S2
10122,3088,2424,3115,2447,3119,2473,fault_S2
10222,3097,2416,3085,2438,3098,2469,fault_S2
10322,3088,2419,3079,2444,3115,2471,fault_S2
10422,3120,2416,3067,2448,3088,2469,fault_S2
10522,3114,2421,3107,2449,3103,2480,fault_S2
10622,3103,2416,3055,2448,3061,2473,fault_S2
10722,3119,2417,3101,2455,3099,2470,fault_S2
10822,3093,2415,3102,2447,3088,2523,fault_S2
10922,3099,2418,3084,2453,3093,2474,fault_S2
11022,3099,2414,3071,2447,3116,2470,fault_S2
11122,3121,2424,3104,2453,3067,2477,fault_S2
11222,3126,2418,3094,2448,3067,2461,fault_S2
11322,3089,2429,3087,2454,3093,2475,fault_S2
11422,3109,2427,3086,2450,3093,2464,fault_S2
11522,3090,2421,3098,2451,3091,2462,fault_S2
11622,3062,2417,3071,2448,3097,2469,fault_S2
11722,3104,2417,3135,2451,3085,2474,fault_S2
11822,3131,2421,3109,2449,3090,2465,fault_S2
11922,3109,2416,3071,2447,3099,2475,fault_S2
12022,3099,2418,3117,2442,3110,2469,fault_S2
12122,3118,2418,3051,2447,3101,2464,fault_S2
12222,3089,2416,3099,2439,3094,2471,fault_S2
12322,3106,2423,3094,2463,3088,2479,fault_S2
12422,3111,2416,3093,2446,3126,2473,fault_S2
12522,3107,2416,3089,2445,3117,2469,fault_S2
12622,3119,2418,3114,2447,3088,2482,fault_S2
12722,3134,2426,3085,2453,3111,2471,fault_S2
12822,3105,2425,3087,2446,3094,2467,fault_S2
12922,3105,2415,3058,2448,3109,2474,fault_S2
13022,3091,2421,3102,2451,3088,2474,fault_S2
13122,3107,2425,3088,2445,3095,2475,fault_S2
13222,3081,2416,3071,2449,3108,2475,fault_S2
13322,3118,2419,3114,2448,3103,2469,fault_S2
13422,3117,2418,3107,2455,3087,2469,fault_S2
13522,3134,2418,3085,2442,3104,2466,fault_S2
13622,3070,2417,3067,2448,3110,2479,fault_S2
13722,3137,2417,3071,2439,3099,2479,fault_S2
13822,3107,2416,3104,2448,3118,2462,fault_S2
13922,3090,2417,3101,2447,3127,2461,fault_S2
14022,3126,2416,3089,2438,3114,2465,fault_S2
14122,3109,2420,3071,2447,3114,2466,fault_S2
14222,3137,2411,3109,2439,3099,2469,fault_S2
14322,3110,2437,3106,2447,3115,2474,fault_S2
14422,3085,2416,3071,2447,3124,2467,fault_S2
14522,3138,2426,3082,2448,3111,2480,fault_S2
14622,3117,2416,3091,2449,3103,2469,fault_S2
14722,3091,2419,3110,2453,3071,2479,fault_S2
14822,3069,2421,3119,2449,3101,2470,fault_S2
14922,3087,2416,3120,2447,3088,2465,fault_S2
15022,3068,2429,3088,2448,3130,2465,fault_S2
15122,3102,2416,3086,2451,3111,2471,fault_S2
15222,3109,2419,3069,2445,3065,2467,fault_S2
15322,3086,2429,3093,2451,3113,2465,fault_S2
15422,3150,2416,3098,2439,3116,2467,fault_S2
15522,3114,2417,3087,2449,3110,2461,fault_S2
15622,3101,2416,3094,2448,3106,2471,fault_S2
15722,3120,2422,3087,2438,3085,2465,fault_S2
15822,3109,2416,3094,2438,3101,2478,fault_S2
15922,3131,2415,3086,2445,3088,2471,fault_S2
16022,3121,2418,3092,2443,3097,2468,fault_S2
16122,3125,2421,3107,2448,3103,2477,fault_S2
16222,3104,2417,3088,2448,3089,2465,fault_S2
16322,3117,2413,3102,2439,3136,2477,fault_S2
16422,3115,2417,3109,2451,3088,2465,fault_S2
16522,3087,2420,3106,2447,3095,2467,fault_S2
16622,3137,2416,3090,2445,3095,2463,fault_S2
16722,3090,2418,3087,2438,3107,2461,fault_S2
16822,3105,2410,3071,2434,3071,2474,fault_S2
16922,3067,2416,3081,2448,3103,2465,fault_S2
17022,3108,2421,3087,2447,3091,2467,fault_S2
17122,3103,2425,3099,2447,3094,2466,fault_S2
17222,3120,2416,3089,2451,3091,2465,fault_S2
17322,3149,2419,3090,2447,3093,2474,fault_S2
17422,3155,2429,3094,2446,3067,2468,fault_S2
17522,3120,2416,3065,2483,3091,2469,fault_S2
17622,3105,2425,3091,2448,3124,2480,fault_S2
17722,3107,2421,3060,2446,3103,2468,fault_S2
17822,3088,2418,3105,2449,3095,2478,fault_S2
17922,3134,2415,3071,2445,3120,2470,fault_S2
18022,3117,2426,3104,2453,3107,2463,fault_S2
18122,3117,2435,3058,2449,3099,2469,fault_S2
18222,3109,2431,3029,2448,3115,2464,fault_S2
18322,3114,2428,3110,2451,3104,2474,fault_S2
18422,3120,2423,3090,2449,3108,2470,fault_S2
18522,3092,2431,3085,2448,3104,2459,fault_S2
18622,3096,2414,3111,2443,3115,2467,fault_S2
18722,3093,2419,3084,2448,3109,2469,fault_S2
18822,3095,2423,3115,2440,3142,2471,fault_S2
18922,3071,2422,3113,2446,3114,2475,fault_S2
19022,3110,2416,3069,2443,3121,2463,fault_S2
19122,3099,2391,3060,2443,3101,2469,fault_S2
19222,3117,2420,3094,2394,3071,2466,fault_S2
19322,3106,2434,3109,2442,3134,2469,fault_S2
19422,3135,2423,3104,2448,3106,2468,fault_S2
19522,3120,2435,3056,2448,3070,2457,fault_S2
19622,3110,2430,3088,2445,3068,2457,fault_S2
19722,3121,2425,3086,2447,3083,2469,fault_S2
19822,3093,2434,3113,2448,3094,2461,fault_S2
19922,3120,2426,3136,2448,3111,2458,fault_S2
20022,3109,2425,3106,2448,3118,2464,fault_S2
20122,3114,2421,3102,2438,3125,2465,fault_S2
20222,3088,2419,3100,2443,3090,2467,fault_S2
20322,3099,2429,3071,2448,3122,2462,fault_S2
20422,3105,2416,3088,2438,3109,2470,fault_S2
20522,3103,2420,3104,2443,3087,2470,fault_S2
20622,3119,2414,3105,2448,3103,2472,fault_S2
20722,3140,2426,3088,2448,3107,2473,fault_S2
20822,3120,2421,3088,2443,3109,2463,fault_S2
20922,3130,2420,3083,2448,3106,2471,fault_S2
21022,3063,2421,3082,2446,3122,2466,fault_S2
21122,3100,2418,3120,2442,3088,2471,fault_S2
21222,3094,2427,3119,2440,3105,2468,fault_S2
21322,3118,2428,3105,2441,3120,2463,fault_S2
21422,3090,2419,3167,2443,3121,2468,fault_S2
21522,3119,2417,3087,2446,3105,2463,fault_S2
21622,3139,2417,3064,2437,3097,2470,fault_S2
21722,3116,2416,3088,2443,3100,2463,fault_S2
21822,3087,2421,3129,2437,3070,2462,fault_S2
21922,3088,2413,3068,2438,3113,2468,fault_S2
22022,3120,2416,3109,2441,3067,2462,fault_S2
22122,3107,2426,3091,2438,3102,2466,fault_S2
22222,3123,2416,3118,2432,3129,2469,fault_S2
22322,3120,2416,3107,2441,3110,2464,fault_S2
22422,3132,2420,3083,2445,3124,2465,fault_S2
22522,3104,2429,3103,2448,3083,2475,fault_S2
22622,3120,2422,3119,2443,3067,2466,fault_S2
22722,3088,2417,3115,2437,3124,2479,fault_S2
22822,3108,2426,3098,2433,3106,2476,fault_S2
22922,3088,2416,3115,2441,3106,2469,fault_S2
23022,3109,2416,3107,2447,3093,2463,fault_S2
23122,3088,2416,3114,2439,3101,2476,fault_S2
23222,3118,2423,3134,2444,3130,2471,fault_S2
23322,3130,2413,3095,2434,3126,2475,fault_S2
23422,3117,2422,3120,2443,3120,2475,fault_S2
23522,3120,2428,3109,2444,3115,2467,fault_S2
23622,3103,2431,3094,2436,3088,2470,fault_S2
23722,3122,2427,3091,2442,3101,2477,fault_S2
23822,3122,2431,3103,2441,3114,2467,fault_S2
23922,3087,2433,3102,2438,3095,2480,fault_S2
24022,3117,2419,3125,2450,3118,2480,fault_S2
24122,3125,2441,3127,2448,3107,2474,fault_S2
24222,3106,2431,3109,2449,3110,2480,fault_S2
24322,3120,2434,3099,2447,3123,2480,fault_S2
24422,3111,2435,3092,2453,3111,2477,fault_S2
24522,3095,2437,3127,2446,3101,2478,fault_S2
24622,3115,2426,3098,2447,3071,2480,fault_S2
24722,3123,2437,3097,2451,3116,2480,fault_S2
24822,3115,2437,3127,2457,3097,2486,fault_S2
24922,3131,2431,3129,2459,3102,2496,fault_S2
25022,3102,2433,3105,2459,3120,2474,fault_S2
25122,3114,2441,3107,2457,3105,2481,fault_S2
25222,3051,2436,3088,2457,3088,2495,fault_S2
25322,3111,2446,3123,2460,3098,2494,fault_S2
25422,3118,2449,3095,2464,3125,2492,fault_S2
25522,3111,2438,3106,2466,3114,2496,fault_S2
25622,3111,2466,3101,2470,3121,2495,fault_S2
25722,3113,2448,3089,2476,3095,2496,fault_S2
25822,3120,2451,3091,2470,3089,2491,fault_S2
25922,3136,2454,3105,2473,3155,2503,fault_S2
26022,3131,2454,3098,2469,3098,2501,fault_S2
26122,3123,2459,3087,2477,3071,2495,fault_S2
26222,3133,2462,3056,2473,3093,2507,fault_S2
26322,3145,2467,3100,2481,3152,2507,fault_S2
26422,3121,2463,3095,2480,3155,2511,fault_S2
26522,3120,2462,3107,2480,3109,2508,fault_S2
26622,3136,2469,3085,2480,3117,2511,fault_S2
26722,3118,2465,3116,2478,3103,2499,fault_S2
26822,3148,2471,3121,2477,3129,2512,fault_S2
26922,3145,2471,3111,2481,3087,2513,fault_S2
27022,3113,2480,3088,2480,3110,2521,fault_S2
27122,3127,2480,3126,2486,3120,2513,fault_S2
27222,3152,2479,3088,2507,3133,2515,fault_S2
27322,3115,2448,3115,2490,3143,2526,fault_S2
27422,3141,2481,3066,2489,3088,2521,fault_S2
27522,3110,2487,3105,2501,3107,2528,fault_S2
27622,3104,2490,3099,2501,3127,2529,fault_S2
27722,3147,2493,3121,2500,3088,2515,fault_S2
27822,3117,2495,3088,2496,3115,2529,fault_S2
27922,3126,2498,3107,2503,3110,2525,fault_S2
28022,3102,2494,3115,2506,3086,2529,fault_S2
28122,3126,2496,3122,2503,3125,2541,fault_S2
28222,3095,2501,3094,2501,3095,2530,fault_S2
28322,3130,2502,3123,2512,3119,2540,fault_S2
28422,3101,2501,3071,2512,3093,2550,fault_S2
28522,3152,2513,3099,2512,3123,2538,fault_S2
28622,3147,2508,3088,2511,3092,2539,fault_S2
28722,3103,2506,3107,2512,3106,2539,fault_S2
28822,3108,2512,3137,2512,3088,2554,fault_S2
28922,3135,2527,3125,2512,3120,2555,fault_S2
29022,3112,2515,3102,2525,3113,2544,fault_S2
29122,3111,2515,3109,2513,3099,2555,fault_S2
29222,3117,2526,3089,2526,3047,2549,fault_S2
29322,3127,2527,3063,2527,3136,2551,fault_S2
29422,3089,2527,3110,2530,3109,2551,fault_S2
29522,3113,2535,3107,2525,3121,2546,fault_S2
29622,3123,2525,3101,2528,3111,2549,fault_S2
29722,3120,2531,3118,2527,3134,2559,fault_S2
29822,3139,2538,3107,2530,3136,2559,fault_S2
29922,3107,2541,3084,2531,3105,2559,fault_S2
30022,3122,2533,3125,2535,3071,2559,fault_S2
30122,3130,2534,3091,2533,3092,2559,fault_S2
30222,3119,2538,3091,2539,3111,2586,fault_S2
30322,3152,2541,3111,2543,3093,2559,fault_S2
30422,3131,2545,3103,2544,3101,2589,fault_S2
30522,3119,2545,3107,2545,3117,2589,fault_S2
30622,3123,2554,3101,2555,3107,2596,fault_S2
30722,3123,2582,3061,2559,3126,2595,fault_S2
30822,3127,2559,3085,2556,3112,2607,fault_S2
30922,3093,2559,3071,2559,3047,2608,fault_S2
31022,3131,2559,3087,2559,3110,2608,fault_S2
31122,3120,2559,3118,2559,3099,2615,fault_S2
31222,3131,2559,3118,2559,3104,2623,fault_S2
31322,3133,2559,3088,2559,3098,2619,fault_S2
31422,3092,2559,3113,2582,3119,2625,fault_S2
31522,3145,2603,3092,2608,3102,2656,fault_S2
31622,3119,2583,3082,2593,3095,2638,fault_S2
31722,3118,2599,3105,2610,3104,2642,fault_S2
31822,3114,2608,3101,2608,3134,2640,fault_S2
31922,3104,2608,3094,2611,3088,2646,fault_S2
